휴양림명,시도명,휴양림구분,휴양림면적,수용인원수,입장료,숙박가능여부,주요시설명,소재지도로명주소,관리기관명,휴양림전화번호,홈페이지주소,위도,경도,데이터기준일자,제공기관코드,제공기관명
회문산자연휴양림,전라북도,국립,2890000,300,"어른 1,000원 청소년 600원 어린이 300원",Y,"숲속의 집, 산림문화 휴양관, 야영시설",전라북도 순창군 구림면 안심길 295,국립자연휴양림관리소,063-653-4779,http://www.huyang.go.kr/forest/contentIntro.action?dprtmId=0188,35.499128,127.118039,2017-05-22,4770000,전라북도 순창군
박달재자연휴양림,충청북도,공유림,1700000,2000,무,Y,"숲속의집, 산책로등",충청북도 제천시 백운면 금봉로228,충청북도 제천시청,043-652-0910,htt://baf.cbhuyang.go.kr,37.1470638614,128.0457749014,2019-12-09,4400000,충청북도 제천시
무주자연휴양림,전라북도,공유림,31110,300,없음,Y,"통나무집,목교,평상,평의자",전라북도 무주군 무설로 1324,전라북도 무주군청 시설사업소,063-320-5666,http://tour.muju.go.kr/bandiland,36.0111132,127.758702,2019-11-25,4740000,전라북도 무주군
가리산자연휴양림,강원도,공유림,3050000,234,"어른 : 1인*1일(2,000원)청소년 : 1인*1일(1,500원)어린이 : 1인*1일(1,000원)다자녀 가정 : 면제",Y,"관리동사무소 1동, 매표소 1동방갈로 10동(2.5평형) 산림문화휴양관 1동(9실)풋살장 1면다목적 광장 1개소매점(휴게소) 1동  화장실 7동공동취사장 1개소 주차장 1개소(95면)샤워장 1개소 야영데크 38면(28/8㎡,10/13㎡)",강원도 홍천군 두촌면 가리산길 426,홍천군,033-435-6035,https://garisan.foresttrip.go.kr,37.865235,127.9824687,2019-11-20,4250000,강원도 홍천군
천보산자연휴양림,경기도,공유림,1165686,156,2000,Y,"숲속의집, 산림휴양관, 세미나실",경기도 포천시 원동교길 309,포천시 산림과,031-538-3555,http://chunbosan.foresttrip.go.kr,37.855622,127.120503,2019-11-19,5600000,경기도 포천시
운악산자연휴양림,경기도,국유림,150000,200,1000,Y,"숲속수련장, 운현정, 연립동",경기도 포천시 화현면 화동로 184,국립자연휴양림관리소,031-534-6330,https://www.foresttrip.go.kr/indvz/main.do?hmpgId=0224,37.884395,127.302771,2019-11-19,5600000,경기도 포천시
고산자연휴양림,전라북도,공유림,6720000,5000,2000,Y,"숲속의집, 휴양관, 돔하우스, 에코어드벤처",전라북도 완주군 고산면 고산휴양림로 246,완주군청,063-263-8680,https://rest.wanju.go.kr,35.9596666,127.2355162,2019-10-25,4720000,전라북도 완주군
만인산자연휴양림,대전광역시,공유림,1850000,5000,무료,Y,"숲속교실,야외무대,목공체험장",대전광역시 동구 산내로 106,대전광역시 공원관리사업소,042-270-8655,http://www.daejeon.go.kr/par/index.do,36.2021806,127.453456,2019-10-08,6300000,대전광역시
장태산자연휴양림,대전광역시,공유림,820000,6000,무료,Y,"생태연못,교과서식물원,산림문화휴양관",대전광역시 서구 장안로 461,대전광역시 공원관리사업소,042-270-7883,http://www.jangtaesan.or.kr/,36.216271,127.340123,2019-10-08,6300000,대전광역시
동강전망자연휴양림,강원도,공유림,448966,200,없음,Y,동강전망자연휴양림 오토캠핑장,강원도 정선군 신동읍 동강로 916-212,강원도 정선군 시설관리공단,033-560-3464,www.jsimc.or.kr,37.25962308,128.6078991,2019-06-30,4290000,강원도 정선군
팔영산자연휴양림,전라남도,공유림,1870000,250,없음,Y,"숲속의집 12동, 산림문화휴양관 1동",전라남도 고흥군 영남면 팔영로 1347-418,고흥군청,061-830-5386,www.singihan.goheung.go.kr,34.621596,127.440247,2019-09-25,4880000,전라남도 고흥군
생거진천자연휴양림,충청북도,공유림,520000,129,0원,Y,"산림문화휴양관, 숲속의집6동, 연립동, 야영센터, 관리사무소",충청북도 진천군 백곡면 명암길 435-135,진천군청 산림축산과,043-539-3552,http://rest.jincheon.go.kr,36.9252031,127.389482,2019-06-17,4450000,충청북도 진천군
강화군 석모도자연휴양림,인천광역시,공유림,1283632,208,개인일반1000원+청소년군인800원+어린이500원+단체일반 800원+청소년군인600원+어린이300원,Y,"숲속의 집, 산림문화휴양관, 족구장 등",인천광역시 강화군 삼산면 삼산서로 39-75,석모도자연휴양림관리사업소,032-932-1100,forest.ganghwa.go.kr,37.6995209,126.315045,2019-09-20,3570000,인천광역시 강화군
강화군 티앤림 자연휴양림,인천광역시,사유림,320941,40,현재무료+이용료+집라인38000원+어드벤쳐22000원+패키지50000,Y,"숲속의집, 집라인, 어드벤쳐",인천광역시 강화군 불은면 중앙로 546-34,기전산업,032-937-7481,www.tianlim.co.kr,37.711993,126.453839,2019-09-20,3570000,인천광역시 강화군
거제자연휴양림,경상남도,공유림,329490,285,1000,Y,숲속의집/ 산림문화휴양관,경상남도 거제시 동부면 거제중앙로 325,경상남도 거제시청,055-639-8332,http://www.geojehuyang.or.kr,34.7836091,128.6260491,2019-07-30,5370000,경상남도 거제시
송이밸리자연휴양림,강원도,공유림,43.66,100,없음,Y,송이밸리자연휴양림,강원도 양양군 양양읍 고노동길 98-50,강원도 양양군청,033-670-2644,www.songivalley.co.kr,38.053084,128.621034,2019-06-30,4350000,강원도 양양군
용인자연휴양림,경기도,공유림,1622705,1800,"개인(성인:2000원, 청소년:1000원, 어린이:600원), 단체(성인:1600원, 청소년:800원, 어린이:400원)",Y,"숲속의집, 숲속체험관, 목조주택, 생태습지, 야영장, 잔디광장, 짚라인, 목재문화체험관 등",경기도 용인시 처인구 모현면 초부로 220,용인시/용인도시공사위탁운영,031-336-0040,www.yonginforest.net,37.314713,127.265315,2019-04-10,4050000,경기도 용인시
춘천숲자연휴양림,강원도,공유림,808043,400,일반2000원 단체1500원,Y,숲속의 집 산림휴양관 글램핑장,강원도 춘천시 동산면 종자리로 224-104,강원도 춘천시청,033-264-1156,www.ccforest.or.kr,37.752287,127.796282,2019-07-24,4180000,강원도 춘천시
구례산수유자연휴양림,전라남도,공유림,118909,66,"1,000원",Y,"산림휴양관, 숲속의 집",전라남도 구례군 산동면 정산길 251,구례군,061-780-2897,http://ecopark.gurye.go.kr,35.301593,127.462833,2019-06-26,4870000,전라남도 구례군
대운산자연휴양림,경상남도,공유림,2137479,200,무료,Y,"숲속의집, 산림휴양관, 야영데크 등",경상남도 양산시 탑골길 208-124,양산시시설관리공단,055-379-8670,http://www.yssisul.or.kr/dwhuyang/cmm/main/mainPage.do,35.409862,129.208082,2019-06-27,5380000,경상남도 양산시
두루웰자연휴양림,강원도,공유림,1864000,100,"개인(일반1000, 청소년600, 어린이300)단체(일반 700, 청소년400, 어린이200)",Y,"숲속의집, 트리하우스",강원도 철원군 갈말읍 지경1길 69,강원도 철원군청 녹색성장과,033-450-5198,www.foresttrip.go.kr,38.227936,127.353297,2019-07-01,4300000,강원도 철원군
오도산 자연휴양림,경상남도,공유림,2700000,1000,"1,000원",Y,"숲속의집,청소년수련관,야영데크,취사장,관리사무소,물놀이장 등",경상남도 합천군 봉산면 오도산휴양로 398,합천군청,055-930-3733,http://ohdosan.hc.go.kr/,35.6684579,128.0531976,2019-06-21,5480000,경상남도 합천군
흥부골자연휴양림,전라북도,공유림,1004157,60,무료,Y,"숲속의집, 단체수련동, 캠핑장 등",전라북도 남원시 인월면 구인월길 125,전라북도 남원시청,063-636-4032,,35.460967,127.417434,2019-06-10,4700000,전라북도 남원시
여수봉황산자연휴양림,전라남도,공유림,2290000,100,1000원,Y,"숲속의집,야영장 등",전라남도 여수시 돌산읍 대복길160,전라남도 여수시청,061-643-9180,http://okyeosu.go.kr,34.3649881,127.4528521,2019-06-04,4810000,전라남도 여수시
칼봉산자연휴양림,경기도,공유림,2640000,160,0,Y,"숲속의집, 산림휴양관, 생태숲, 생태체험학습장, 야영장 등",경기도 가평군 가평읍 경반안로 454,가평군 시설관리공단,031-8078-8061,www.kalbong.com,37.8365339,127.4650719,2019-05-10,4160000,경기도 가평군
광치자연휴양림,강원도,공유림,51,160,"일반:2000원, 청소년:1500원, 단체일반:1500원, 단체청소년:1000원",Y,"휴양관, 숲속의집, 숲속카페, 트리하우스,",강원도 양구군 남면 광치령로 1794번길 265,양구군청,033-482-3115,http://www.kwangchi.or.kr/,38.143507,128.071262,2018-08-29,4320000,강원도 양구군
망경대산자연휴양림,강원도,국유림,51,4,3000,Y,숲속의집,강원도 영월군 중동면 선도우길 177,영월군시설관리공단,033-375-8765,https://www.mgds.kr:454/,37.171207,128.591988,2018-08-24,4270000,강원도 영월군
구재봉 자연휴양림,경상남도,공유림,433135,300,일반:1000원청소년600원어린이:300원,Y,"산림문화휴양관,숲속의집,짚라인",경상남도 하동군 적량면 중서길 60-79,경상남도 하동군청,070-8855-0011,hadongforest.co.kr,35.127983,127.738537,2018-06-14,5440000,경상남도 하동군
축령산,전라남도,국유림,3730000,900,없음,N,"치유의숲 안내센터, 전망대 등",전라남도 장성군 북이면 추암로 555,치유의숲안내센터,061-393-1777,없음,35.360934,126.728553,2018-05-16,4980000,전라남도 장성군
방장산자연휴양림,전라남도,국유림,70000,500,"일반 : 1,000원+단체 : 800원",Y,"숲속의 집, 산림문화휴양관, 세미나실, 숲속공예마을(체험) 등",전라남도 장성군 북이면 방장로 353,국립자연휴양림관리소,061-394-5523,http://www.huyang.go.kr/forest/contentIntro.action?dprtmId=0181,35.445892,126.751597,2018-05-16,4980000,전라남도 장성군
민주지산자연휴양림,충청북도,공유림,1800000,394,"어른 1,000원, 청소년 500원 , 어린이 300원",Y,"버섯동,야생화동,국악동,식당, 황토방, 황토찝질방, 학습관, 너와집,산림문화휴양관1,2층 세미나실,치유숙소6개소,치유센터,진료동, 치유센터치유동,야외 치유시설, 야영장, 족구장 등",충청북도 영동군 용화면 조동리 민주지산로 60,충청북도 영동군청 산림과,043-740-3438,minjoo.cbhuyang.go.kr:452,36.0573434,127.8251649,2018-04-30,4440000,충청북도 영동군
세심자연휴양림,전라북도,공유림,101000,68,"1,000원",Y,숲속의집,전라북도 임실군 삼계면 임삼로 485,임실군청,063-644-4611,http://smhu.imsil.go.kr,35.5142625738,127.2400790952,2020-04-03,6450000,전라북도
회문산자연휴양림,전라북도,국유림,289000,300,"일반 : 1,000원, 청소년 : 600원, 어린이 : 300원",Y,"숲속의집, 산림문화 휴양관, 야영시설",전라북도 순창군 구림면 안심길 214,국립자연휴양림관리소,063-653-4779,http://www.huyang.go.kr,35.4982995651,127.1216073929,2020-04-03,6450000,전라북도
고산자연휴양림,전라북도,공유림,672000,297,"2,000원",Y,"숲속의집, 문화휴양관, 산림휴양관, 웰빙휴양관, 캐라반, 에코어드벤처, 다목적운동장",전라북도 완주군 고산면 고산휴양림로 246,완주군청,063-263-8680,http://rest.wanju.go.kr,35.9622406976,127.2328739836,2020-04-03,6450000,전라북도
변산자연휴양림,전라북도,국유림,37000,500,"일반 : 1,000원,단체 : 800원,청소년 : 600원/단체 500원,어린이 : 300원/단체 : 200원",Y,"숲속의집, 산림문화 휴양관",전라북도 부안군 변산면 변산로 3768,국립자연휴양림관리소,063-581-9977,http://www.huyang.go.kr,35.5828778124,126.5237279872,2020-04-03,6450000,전라북도
남원흥부골자연휴양림,전라북도,공유림,100000,70,"일반 : 2,000원,단체 : 1,000원,어린이 : 1,000원/단체 : 500원",Y,"숲속의집, 연립동, 물놀이장, 오토캠프장, 체육공원",전라북도 남원시 인월면 구인월길 125,남원시청,063-636-4032,http://흥부골자연휴양림.kr,35.4505033068,127.5896357155,2020-04-03,6450000,전라북도
남원자연휴양림,전라북도,사유림,34000,300,"일반 : 1,000원,청소년/어린이 : 500원",Y,"숲속의집, 연립동, 캠핑장",전라북도 남원시 보산로 228,남원자연휴양림(한정희),063-633-5333,http://www.namwonhuyang.co.kr,35.4581178020,127.4155073847,2020-04-03,6450000,전라북도
성수산자연휴양림,전라북도,사유림,495000,80,"일반 : 2,000원,단체 : 1,000원,청소년 : 1,000원/단체 : 500원,어린이 : 1,000원/단체 : 500원",Y,"숲속의집, 연립동, 운동장, 전망대, 꽃동산, 편백나무산림욕장",전라북도 임실군 성수면 성수산길 374,임실군청,063-642-9456,http://www.sungsusan.co.kr,35.6377177747,127.4078498301,2020-04-03,6450000,전라북도
향로산자연휴양림,전라북도,공유림,269000,172,"일반 : 1,000원,단체 : 800원,청소년 군인: 800원/단체 : 500원,어린이 : 500원/단체 : 300원,  주차료 경형 1,500/ 중.소형 3,000원 / 대형 5,000원",Y,"숲속나무집, 동굴집, 가족휴양관, 산림휴양관, 방문자센터, 쉼터, 주차장, 야외수영장, 모노레일 등",전라북도 무주군 무주읍 무학로 153-36,유한회사 무주휴,063-322-6884,http://mujuhayngrosan.kr,36.0241399489,127.6698792636,2020-04-03,6450000,전라북도
서운산자연휴양림,경기도,공유림,851805,214,N,Y,"숲속의집, 오토캠핑장, 야영장, 카라반",경기도 안성시 금광면 배티로 185-39,경기도 안성시청,031-678-2913,https://www.anseong.go.kr/tourPortal/anseongforest/main.do,36.9423831667,127.313722,2020-03-31,4080000,경기도 안성시
계명산자연휴양림,경상북도,공유림,2500000,221,일반1000원+단체800원(어른),Y,"숲속의 집, 황토방, 산림휴양관, 복합산림휴양관, 산막, 야영장 등",경상북도 안동시 길안면 고란길 207-99,경상북도 안동시청 공원녹지과,054-850-4700,www.andongtour.com,36.4101205551,128.9465131425,2020-03-25,5070000,경상북도 안동시
입화산 자연휴양림,울산광역시,공유림,380291,0,없음,N,"오토캠핑장, 일반야영장, 산림욕장, 숲속도서관, 네이처스포츠, 모노레일",울산광역시 중구 다운동 산47-1번지,울산광역시 중구,052-290-4410,준비 중,35.578739,129.279479,2020-03-18,3690000,울산광역시 중구
수도산자연휴양림,경상북도,공유림,590445,206,1000,Y,숲속의집힐하우스숲속휴양관 숲속수련관,경상북도 김천시 대덕면 증산로 326-71,김천시,054-435-5128,sudosanhuyang.gc.go.kr,35.8918024,127.9838463,2020-03-24,5060000,경상북도 김천시
청송자연휴양림,경상북도,공유림,2110000,160,"개인:어른(1000), 청소년(600), 어린이(300), 단체:어른(800), 청소년(500), 어린이(200)",Y,"숲속의 집, 연수의집",경상북도 청송군 부남면 청송로 3478-96,경상북도 청송군청,054-872-3163,www.csforest.co.kr,36.3179022973,129.0537597527,2020-03-20,5160000,경상북도 청송군
수레의산자연휴양림,충청북도,공유림,970000,144,무료+숙박시설별도,Y,"숙박시설, 캠핑장, 산책로, 화장실 등",충청북도 음성군 생극면 차생로 310-108,충청북도 음성군,043-878-2013,www.eumseong.go.kr/forest,37.0388888851,127.6513841916,2020-03-13,4470000,충청북도 음성군
백야자연휴양림,충청북도,공유림,370000,310,무료+숙박시설별도,Y,"숙박시설, 캠핑장, 물놀이장, 산책로, 화장실 등",충청북도 음성군 금왕읍 백야로 461-97,충청북도 음성군,043-878-2556,www.eumseong.go.kr/forest,36.9568395144,127.6096487765,2020-03-13,4470000,충청북도 음성군
흥림산자연휴양림,경상북도,공유림,64,112,0,Y,"산림문화휴양관, 숲속의집",경상북도 영양군 일월면 재일로 2394-70,경상북도 영양군청 산림축산과 산지이용담당,054-680-5050,www.heungrimsan.kr,36.7011017649,129.1122790444,2020-03-13,5170000,경상북도 영양군
횡성자연휴양림,강원도,사유림,498263,300,숙박시설 이용객만 입장 가능(별도입장료 : 없음),Y,"숲속의집, 산림문화휴양관",강원도 횡성군 갑천면 정포로 430번길 113,사유휴양림(대표 : 이호준),033-343-3392,www.hsrf.co.kr,37.5381096666,128.1122409456,2020-01-25,4260000,강원도 횡성군
주천강자연휴양림,강원도,사유림,2296100,400,"일반 : 2000원, 청소년 : 1000원",Y,"숲속마을, 산골마을, 강변마을, 숲속학교, 황토별장",강원도 횡성군 둔내면 강변로 영랑6길 115,사유휴양림(대표 : 김문기),033-345-7575,www.joochun.com,37.4591283066,128.2033953673,2020-01-25,4260000,강원도 횡성군
숲체원,강원도,국유림,159710,300,별도 입장료 없음,Y,"탐방로, 숙박동, 강의실",강원도 횡성군 둔내면 청태산로 777,산림청,033-340-6300,www.soopchewon.or.kr,37.5372204598,128.2866886083,2020-01-25,4260000,강원도 횡성군
청태산휴양림,강원도,국유림,159520,1500,"일반 : 1000원, 청소년 : 600원, 어린이 : 300원",Y,"제1산림문화휴양관, 제2산림문화휴양관, 숲속의집, 숲속수련장(중형, 소형), 대형숲속수영장(회의실), 야영장, 인도네시아 전통 전시관, 숲생태체험실, BIY목공교실",강원도 횡성군 둔내면 청태산로 610,산림청,033-343-9707,www.huyang.go.kr,37.5290799289,128.2968658338,2020-01-25,4260000,강원도 횡성군
함평자연생태공원,전라남도,국유림,561867,,5000,Y,"과학관, 나비곤충표본전시관, 캠핑트레일러, 반달가슴곰관찰원",전라남도 함평군 대동면 학동로 1398-77,함평군산림공원사업소,061-320-2855,https://www.hampyeong.go.kr/ecopark/,35.1350012302,126.5057010459,2020-03-04,4960000,전라남도 함평군
순천자연휴양림,전라남도,공유림,90000,265,없음,Y,"관리사무실 1동, 숙박시설 13동 22실, 캐빈하우스 6동 텐트19면",전라남도 순천시 서면 청소년수련원길 170,순천시청,061-749-8950,www.foresttrip.go.kr,35.0438808260,127.4744948550,2020-01-01,4820000,전라남도 순천시
화왕산자연휴양림,경상남도,공유림,643000,70,"휴양관 4인실 : 50,000원(비수기및주중),75,000원(성수기및주말)  휴양관 8인실 : 80,000원(비수기및주중), 100,000원(성수기및주말)  숲속의 집(7인실) : 70,000원(비수기및주중), 90,000원(성수기및주말) 야영데크 : 5,000(1박)  주차료 : 경형 1,000원, 중소형 2,000원 대형 3,000원(산림휴양관, 숲속의 집 이용시 면제)",Y,"휴양관,야영데크,바비큐장,숲길",경상남도 창녕군 고암면 청간길 128-126,경상남도 창녕군산림조합,055-533-2332,www.hwawang.or.kr,35.5469782333,128.5673184615,2020-02-06,5410000,경상남도 창녕군
주작산자연휴양림,전라남도,공유림,1690000,138,0,Y,"휴양관,숲속의집,세미나실 등",전라남도 강진군 신전면 주작산길 262,강진군,061-430-3306,http://www.jujaksan.com/,34.5172932049,126.6989685,2020-01-23,4920000,전라남도 강진군
비학산자연휴양림,경상북도,공유림,2280000,150,"숙박 : 7만원, 11만원, 14만원",Y,"산림휴양관, 숲속의 집, 테라스하우스, 카라반, 야외데크, 생태숲 등",경상북도 포항시 북구 기북면 비학산길 302,포항시청,054-252-3275,https://www.foresttrip.go.kr/indvz/main.do?hmpgId=ID02030052,36.1470333690,129.2111071159,2020-01-06,5020000,경상북도 포항시
성주산자연휴양림,충청남도,공유림,3000000,2000,"성인1000원, 청소년/군인800원, 어린이400원",Y,성주산자연휴양림,충청남도 보령시 성주면 화장골길 57-228,충청남도 보령시 산림공원과,041-934-7133,https://www.foresttrip.go.kr/indvz/main.do?hmpgId=ID02030078,36.3325688218,126.6639659453,2019-12-27,4510000,충청남도 보령시
소선암자연휴양림,충청북도,공유림,665039,500,무료,Y,"통나무집, 숲속의집, 산림문화휴양관, 산림복합휴양관, 백두대간 문화휴양관",충청북도 단양군 단성면 대잠2길15,충청북도 단양군청,043-422-7839,sof.cbhuyang.go.kr,36.9192204110,128.3123141058,2019-12-20,4480000,충청북도 단양군
소백산자연휴양림,충청북도,공유림,1900000,220,무료,Y,"소백산화전민촌, 소백산자연휴양림, 정감록명당체험마을",충청북도 단양군 영춘면 하리방터길 180,충청북도 단양군청,043-423-3117,forestventure.co.kr,37.0612642366,128.4678946608,2019-12-20,4480000,충청북도 단양군
공주산림휴양마을,충청남도,공유림,518270,250,무료,Y,숲속의집/휴양관/야영장/목재문화체험장,충청남도 공주시 수원지공원길 222,공주시청,041-855-0855,http://jumisan.gongju.go.kr,36.4244257827,127.119320094,2020-07-07,4500000,충청남도 공주시
송정자연휴양림,경상북도,공유림,636297,500,"개인(성인 1,000원, 청소년·군인 700원, 어린이 500원), 단체(성인 800원, 청소년·군인 500원, 어린이 300원)",Y,"숲속의집, 산림휴양관, 야영장, 바비큐장, 숲만남의광장 등",경상북도 칠곡군 석적읍 반계3길 88,칠곡군청,054-979-6600,https://www.foresttrip.go.kr/indvz/main.do?hmpgId=ID02030076,36.02333243,128.4416406,2020-06-30,5220000,경상북도 칠곡군
운주산승마자연휴양림,경상북도,공유림,699532,,무료,y,"숲속의집, 산림문화휴양관 등",경상북도 영천시 임고면 승마휴양림길 105,영천시,054-330-6287,https://www.foresttrip.go.kr/indvz/main.do?hmpgId=ID02030081,36.03510258,128.996734,2020-06-26,5100000,경상북도 영천시
세심자연휴양림,전라북도,국유림,101.45,100,1000,Y,숲속의집,전라북도 임실군 삼계면 임삼로 485,전라북도 임실군청,063-644-4611,http://smhu.imsil.go.kr,35.514241,127.240066,2020-06-28,4760000,전라북도 임실군
가학산자연휴양림,전라남도,공유림,500000,700,2000,Y,"숲속의집(객식), 유아숲체험원, 족욕장, 수변쉼터 등",전라남도 해남군 계곡면 산골길 306,해남군청산림녹지과,061-530-5738,http://www.foresttrip.go.kr/main.do/id02030045,34.6713777488,126.6172037,2020-06-25,4930000,전라남도 해남군
옥성자연휴양림,경상북도,공유림,1531821,1900,0,Y,"숲속의집, 산림문화휴양관, 물놀이장, 산책로, 유아숲체험원",경상북도 구미시 옥성면 휴양림길 150,구미시설공단,054-481-4052,www.gumihy.com,36.27907203,128.2844292,2020-06-22,5080000,경상북도 구미시
변산자연휴양림,전라북도,국유림,55000,243,"숙박비 52,000원~144,000원",Y,"숲속의집, 휴양관, 체험교실, 물놀이장",전라북도 부안군 변산면 변산로 3768,국립자연휴양림관리소,063-581-9977,https://www.foresttrip.go.kr/indvz/main.do?hmpgId=0189,35.58287781,126.523728,2020-06-22,4790000,전라북도 부안군
아세안자연휴양림,경기도,공유림,583880,500,1000,Y,"숲속의집14동, 안내센터, 다목적광장 등",경기도 양주시 백석읍 기산로 472,산림청,031-871-2796,www.huyang.go.kr,37.7738229255,126.9421758102,2020-06-16,5590000,경기도 양주시
장흥 자연휴양림,경기도,사유림,499000,300,0,N,"물놀이장, 썰매장",경기도 양주시 장흥면 권율로 594,민간(㈜해성농림),080-233-7766,http://www.fes-artvalley.com/,37.7581669246,126.9685293171,2020-06-16,5590000,경기도 양주시
남해편백자연휴양림,경상남도,국유림,2270000,1000,"성인 : 1,000원",Y,"생태숲,숲속의집 등",경상남도 남해군 삼동면 금암로 658,함양국유림관리소,055-867-7881,www.huyang.go.kr,34.7521639140,128.0201315510,2020-06-19,5430000,경상남도 남해군
데미샘자연휴양림,전라북도,공유림,200,107,무료,Y,"휴양관,숲속의집, 숲문화마당, 명상의숲 등",전라북도 진안군 백운면 데미샘 1길 172,전라북도 산림환경연구소,063-290-6993,www.데미샘.kr,35.6569935310,127.4610391644,2020-06-16,4730000,전라북도 진안군
운장산자연휴양림,전라북도,국유림,1958,600,"일반인(개인 1,000/단체 800) 청소년(개인 600/단체 500) 어린이(개인 300/단체 200)",Y,"숲속의집,연립동, 산림문화휴양관, 숲속수련관",전라북도 진안군 정천면 휴양림길 77,무주국유림관리소,063-432-1193,www.huyang.go.kr,35.8884589528,127.4327884945,2020-06-16,4730000,전라북도 진안군
칠갑산자연휴양림,충청남도,공유림,73000,500,1000,Y,"숲속의 집, 산림문화 휴양관, 원두막, 기타시설 등",충청남도 청양군 대치면 칠갑산로 668-103,충청남도 청양군공공시설사업소,041-940-2429,http://chilgap.cheongyang.go.kr/,36.4315890035,126.8438226990,2020-05-25,4590000,충청남도 청양군
문수산 산림욕장,경기도,공유림,700000,,주차료(1000~5000원),N,"숲길,산림욕장",경기도 김포시 월곶면 문수산로 102-38,김포시 시설관리공단,031-988-2965,http://www.gp.or.kr/sub03/sub03_01.asp,37.737829,126.5308885,2020-06-12,4090000,경기도 김포시
충북알프스자연휴양림,충청북도,공유림,902000,287,0,y,"숲속의집,세미나실,목공예체험장 등",충청북도 보은군 산외면 속리산로 1880,속리산휴양사업소,043-540-3713,https://alpshuyang.foresttrip.go.kr/,36.576573,127.781092,2020-06-02,4420000,충청북도 보은군
속리산 숲체험휴양마을,충청북도,공유림,1100000,350,0,Y,"한옥마을 ,황토마을, 통나무마을",충청북도 보은군 속리산면 속리산로 596,속리산휴양사업소,043-540-3220,http://songnihuyang.foresttrip.go.kr/,36.49245442,127.792472,2020-06-02,4420000,충청북도 보은군
학가산우래자연휴양림,경상북도,사유림,1328133,220,1000,Y,"숲속의 집, 산림휴양관 등",경상북도 예천군 보문면 휴양림길 210,(주)학가산자연휴양림개발,054-652-0114,숲나들e (https://www.foresttrip.go.kr/main.do?hmpgId=FRIP),36.677929,128.592876,2020-05-31,5230000,경상북도 예천군
치악산자연휴양림,강원도,공유림,1700000,700,"일반(개인 2000, 청소년 및 군인 1500, 어린이 1000), 단체(어른 1500, 청소년 및 군인 1000, 어린이 700)",Y,"숲속의집,주차장,야영장",강원도 원주시 판부면 휴양림길 66,강원도 원주시 산림과,033-762-8288,https://foresttrip.go.kr/indvz/main.do?hmpgId=ID02030024,37.255878,128.031372,2020-05-26,4190000,강원도 원주시
거제자연휴양림,경상남도,국유림,345377,600,"개인(성인 1,000 청소년, 군인700 어린이500) 단체(성인700 청소년,군인500 어린이300)",Y,숲속의집 산림문화 휴양관 야영데크 숲속수련장,경상남도 거제시 동부면 거제중앙로 325,경상남도 거제해양관광개발공사,055-639-8115,www.geojehuyang.or.kr,34.7856966,128.625968,2020-05-14,B552833,거제해양관광개발공사
신안자연휴양림,전라남도,국유림,302000,561,무료,Y,"산림문화휴양관, 캠핑장, 관리동, 취사장, 샤워장, 테마공원",전라남도 신안군 자은면 자은서부2길 508-77,신안군청,061-240-3265,,34.8793261192,125.9961150082,2020-04-28,5010000,전라남도 신안군
봉수산자연휴양림,충청남도,공유림,948780,171,0,Y,"숲속의집,산림문화휴양관",충청남도 예산군 대흥면 임존성길 153,예산군 관광시설사업소 휴양림팀,041-339-8936,https://www.foresttrip.go.kr/indvz/main.do?hmpgId=ID02030028,36.5988676688,126.7813385427,2020-03-30,4610000,충청남도 예산군
금강자연휴양림,충청남도,공유림,1840000,226,"1,500원",Y,"숲속의 집,휴양관",세종특별자치시 금남면 산림박물관길110,산림자원연구소,041-635-7400,keumkang.chungnam.go.kr,36.4377003679,127.2327428837,2020-03-31,6440000,충청남도
청옥산자연휴양림,경상북도,국유림,10016,1000,관리사무소로 문의,Y,"숲속의집, 휴양관, 숲속수련장, 야영장 등",경상북도 봉화군 석포면 청옥로 1552-163,국립자연휴양림관리소,054-672-1051,http://www.huyang.go.kr,37.0386891603,128.9958473115,2020-04-10,5240000,경상북도 봉화군
양을산산림욕장,전라남도,공유림,150000,,무료,N,"유아숲체험원, 화장실, 생태학습장, 실내교육장",전라남도 목포시 상동 산34-3,목포시청,061-270-8178,,34.8213604,126.4075568,2020-04-08,4800000,전라남도 목포시
데미샘자연휴양림,전라북도,공유림,200000,131,무료,Y,"휴양관, 숲속의집, 숲문화마당, 명상의숲 등",전라북도 진안군 백운면 데미샘 1길 172,산림환경연구소,063-290-6992,http://www.데미샘.kr,35.656988,127.461036,2020-04-03,6450000,전라북도
운장산자연휴양림,전라북도,국유림,1958000,600,"일반 : 1,000원,단체 : 800원,청소년 : 600원/단체 500원,어린이 : 300원/단체 : 200원",Y,"숲속의집, 연립동, 산림문화휴양관, 숲속수련관",전라북도 진안군 정천면 휴양림길 77,무주국유림관리소,063-432-1193,http://www.huyang.go.kr,35.8884589528,127.4327884945,2020-04-03,6450000,전라북도
반딧불자연휴양림,전라북도,공유림,31000,40,없음,Y,"통나무집, 목교, 평상, 평의자",전라북도 무주군 설천면 무설로 1324,시설사업소,063-320-5666,http://bandiland.muju.go.kr,36.0124886790,127.7611866322,2020-04-03,6450000,전라북도
덕유산자연휴양림,전라북도,국유림,744000,730,"일반 : 1,000원,단체 : 800원,청소년 : 600원/단체 500원,어린이 : 300원/단체 : 200원",Y,"숲속의집, 연립동, 산림문화 휴양관, 숲속수련장, 야영시설 등",전라북도 무주군 무풍면 구천동로 530-62,국립자연휴양림관리소,063-322-1097,http://www.huyang.go.kr,35.9058119170,127.8142083228,2020-04-03,6450000,전라북도
와룡자연휴양림,전라북도,공유림,85000,102,"일반 : 2,000원,단체 : 1,500원,어린이 : 1,000원",Y,"숲속의집, 야영장, 물놀이장 산림욕장 등",전라북도 장수군 천천면 비룡로 632,장수군청,063-350-2493,http://www.jangsuhuyang.kr/Waryong,35.6762177613,127.4772192026,2020-04-03,6450000,전라북도
방화동자연휴양림,전라북도,공유림,101000,62,"일반 : 2,000원,단체 : 1,500원,어린이 : 1,000원",Y,"숲속의집, 산림욕장, 인공폭포 등",전라북도 장수군 번암면 방화동로 778,장수군청,063-350-2562,http://www.jangsuhuyang.kr/Banghwa1,35.5906417917,127.5268760504,2020-04-03,6450000,전라북도
제암산자연휴양림,전라남도,국유림,1600000,3000,"일반:1000원, 단체:800원",Y,"숙박,야영장,물놀이터,더늠길,숲속교육관,몽골텐트,족구장데크,모험시설",전라남도 보성군 웅치면 대산길 330,전라남도 보성군청,061-852-4434,https://www.foresttrip.go.kr/indvz/main.do?hmpgId=ID02030090,34.70050454,126.9855053,2020-07-14,4890000,전라남도 보성군
태백고원자연휴양림,강원도,국유림,1100000,110,어른2000원+청소년1000원,Y,"산림문화휴양관 1동 12실, 숲속의 집 15동 15실",강원도 태백시 머리골길 153,태백시 농정산림과,033-582-7440,https://www.foresttrip.go.kr,37.1235756657,129.0603815546,2020-07-14,4220000,강원도 태백시
군위장곡자연휴양림,경상북도,공유림,2610000,500,일반1000원+단체700원,Y,"숲속의집, 산림문화휴양관, 산림문화체험관 등",경상북도 군위군 고로면 장곡휴양림길 195,경상북도 군위군청,054-380-6317,https://www.foresttrip.go.kr/indvz/main.do?hmpgId=ID02030064,36.1305916458,128.8376364866,2020-07-08,5140000,경상북도 군위군
옥화자연휴양림,충청북도,공유림,1364921,485,0,Y,숲속의집+산림휴양관+캠핑장 등,충청북도 청주시 상당구 미원면 운암옥화길 140,청주시시설관리공단,043-270-7381,http://okhwa.cheongju.go.kr,36.5989486708,127.6943725612,2020-07-01,5710000,충청북도 청주시
유치자연휴양림,전라남도,공유림,53.6,1000,1000원,Y,숲속의집,전라남도 장흥군 유치면 휴양림길 154,장흥군,061-863-6350,www.jangheung.go.kr/yuchi,34.7680652078,126.8323492152,2020-07-14,4910000,전라남도 장흥군
비슬산자연휴양림,대구광역시,공유림,1000000,285,없음,Y,"숲속의집,통나무집,야영장,반딧불이전기차등",대구광역시 달성군 유가읍 일연선사길 99,대구광역시 달성군시설관리공단,053-659-4400,http://bisulsan.dssiseol.or.kr/bisulsan/html/main.html,35.69001083,128.5128999,2020-07-10,3480000,대구광역시 달성군
화원자연휴양림,대구광역시,공유림,720000,115,없음,Y,"숲속의집,산림문화휴양관,산림욕장,전망데크등",대구광역시 달성군 화원읍 화원휴양림길 126,대구광역시 달성군시설관리공단,053-659-4455,http://hwawon.dssiseol.or.kr/hwawon/html/main.html,35.7726633402,128.5364563869,2020-07-10,3480000,대구광역시 달성군
토함산자연휴양림,경상북도,공유림,1211344,330,"개인-어른 : 1000원,청소년/군인 : 700원,어린이 : 500원단체 오른 : 700원,청소년/군인 : 500원, 어린이 : 300원경주시민 무료",Y,"숲속의집, 화랑관, 야영장, 국학관(세미나실), 등",경상북도 경주시 양북면 불국로 1208-45,경상북도 경주시 산림경영과,054-750-8700,https://www.foresttrip.go.kr/indvz/main.do?hmpgId=ID02030027,35.7619176143,129.3654772,2020-07-14,5050000,경상북도 경주시
용봉산자연휴양림,충청남도,공유림,1905504,3000,개인 일반 1000 청소년·군인 800 어린이 400단체 일반 800 청소년·군인 600 어린이 200,Y,산림휴양관 숲속의집 산림전시관,충청남도 홍성군 홍북읍 용봉산2길 87,홍성군,041-630-1785,https://www.foresttrip.go.kr/indvz/main.do?hmpgId=ID02030080,36.6452884753,126.6566319937,2020-07-06,4600000,충청남도 홍성군
용추자연휴양림,경상남도,공유림,1590000,255,없음,Y,"산림문화휴양관, 숲속의집, 취사장, 화장실, 샤워장, 야영장 등",경상남도 함양군 안의면 용추휴양림길 166,경상남도 함양군청,055-963-8702,https://www.foresttrip.go.kr/main.do,35.6961266,127.7578596,2020-07-14,5460000,경상남도 함양군
산삼자연휴양림,경상남도,공유림,670000,90,없음,Y,"산림문화휴양관, 숲속의집 등",경상남도 함양군 서상면 가르내길 202-1,경상남도 함양군청,055-964-9886,https://www.foresttrip.go.kr/main.do,35.69762431,127.6584311,2020-07-14,5460000,경상남도 함양군
대봉산자연휴양림,경상남도,공유림,950000,92,없음,Y,"산림문화휴양관, 대강당 등",경상남도 함양군 병곡면 병곡지곡로 333,경상남도 함양군청,055-964-1090,https://www.foresttrip.go.kr/main.do,35.57794141,127.7150294,2020-07-14,5460000,경상남도 함양군
만수산자연휴양림,충청남도,공유림,1300000,150,일반1200+청소년900+군인900+어린이600,Y,숲속의집,충청남도 부여군 외산면 휴양로 107,부여군시설관리공단,041-832-6561,www.mansusan.net,36.3378923529,126.7090766827,2020-06-30,4570000,충청남도 부여군
금봉자연휴양림,경상북도,공유림,380,800,"1,000원",y,산림휴양관외,경상북도 의성군 옥산면 휴양림길 114,경상북도 의성군청,054-833-0123,http://www.foresttrip.go.kr,36.3313836151,128.8747434192,2020-06-30,5150000,경상북도 의성군
백아산자연휴양림,전라남도,공유림,1000000,170,어른1000원+청소년600원+어린이400원,Y,"족구장,정자,계곡데크",전라남도 화순군 북면 수양로 353,전라남도 화순군청,061-379-3738,http://forest.hwasun.go.kr,35.15137582,127.1671251,2020-07-10,4900000,전라남도 화순군
한천자연휴양림,전라남도,공유림,1480000,86,어른1000원+청소년600원+어린이400원,Y,"캠핑장,데크,잔디광장, 정자, 물썰매장",전라남도 화순군 한천면 죽헌로 719,전라남도 화순군청,061-379-3734,http://forest.hwasun.go.kr,34.98834125,127.0454803,2020-07-10,4900000,전라남도 화순군
미숭산자연휴양림,경상북도,공유림,358000,88,없음,Y,"숲속의집, 산림문화휴양관",경상북도 고령군 대가야읍 낫질로 672-99,고령군,054-950-7407,www.misungsan.com,35.7507754477,128.2028393691,2020-07-01,5200000,경상북도 고령군
고대산자연휴양림,경기도,국유림,314000,183,"어른 :  개인 1,000원, 단체 800원청소년,군인 : 개인 800원, 단체 600원어린이 : 개인 500원, 단체 300원",Y,숲속의집 13동13실산림휴양관 1동2층6실숲속수련원 1동1실방문자센터 1동2층야영장데크 20개소,경기도 연천군 신서면 고대산길 84-79,연천군청,031-834-2200,https://godaesan.foresttrip.go.krwww.foresttrip.go.kr,38.2112539142,127.1507057687,2020-06-30,4140000,경기도 연천군
절물자연휴양림,제주특별자치도,국유림,300,2000,일반1000원+청소년600원+어린이300원,Y,휴양림.수련장.숙박등,제주특별자치도 제주시 명림로 584,제주시청,064-728-1510,http://jeolmul.jejusi.go.kr/,33.4379778615,126.6259343219,2020-07-07,6510000,제주특별자치도 제주시
교래자연휴양림,제주특별자치도,공유림,230,1500,어른1000원+청소년·군인600원,Y,휴양림.숙박.공연장등,제주특별자치도 제주시 조천읍 남조로 2023,제주특별자치도청,064-783-7482,http://www.jeju.go.kr/jejustoneparkforest/index.htm,33.4513637573,126.6567108939,2020-07-07,6510000,제주특별자치도 제주시
불갑사 관광휴양단지,전라남도,사유림,106300,200,0,Y,"관광지,힐링컨벤션센터",전라남도 영광군 불갑면 자비길 51-38,전라남도 영광군청,061-353-4476,glory-healing.com,35.2029883222,126.5367796440,2020-07-13,4970000,전라남도 영광군
하추자연휴양림,강원도,공유림,880000,108,객실(비수기)50000원+객실(성수기)70000원+데크(비수기)20000원+데크(성수기)30000원,Y,"숲속의집,야영장",강원도 인제군 인제읍 하추로686,강원도 인제군 산림자원과,033-461-0056,hachuhuyang.go.kr,38.0346954521,128.3193086503,2020-06-19,4330000,강원도 인제군
서귀포자연휴양림,제주특별자치도,국유림,2550000,1500,일반 1000원. 청소년 600원. 어린이 300원,Y,숲속의집. 산림휴양관. 세미나실. 야영장. 생태탐방코스 등,제주특별자치도 서귀포시 1100로 882 (대포동),서귀포시청,064-760-3063,https://www.foresttrip.go.kr/indvz/main.do?hmpgId=ID02030013,33.3115002499,126.458761,2020-06-30,6520000,제주특별자치도 서귀포시
붉은오름자연휴양림,제주특별자치도,공유림,1900000,1500,어른 1000원. 청소년/군인 600원,Y,숲속의집. 산림문화휴양관. 세미나실. 오름등반로. 야외공연장 등,제주특별자치도 서귀포시 표선면 남조로 1487-73,서귀포시청,064-760-3482,https://foresttrip.go.kr/indvz/main.do?hmpgId=ID02030014,33.4014295763,126.6756715619,2020-06-30,6520000,제주특별자치도 서귀포시
평창자연휴양림,강원도,공유림,540000,80,일반2000원+단체1500원,Y,"숙박동, 세미나실, 운동장, 산책로 등",강원도 평창군 봉평면 팔송로 285,평창군청 산림과,033-332-0711,http://www.forest700.or.kr,37.609548,128.3035210785,2020-07-09,4280000,강원도 평창군
천천와룡자연휴양림,전라북도,국유림,577000,1200,없음,Y,"숲속의집, 야영장, 물놀이장, 산림욕장 등",전라북도 장수군 천천면 비룡로 632,전라북도 장수군청,063-350-2477,https://www.foresttrip.go.kr/indvz/main.do?hmpgId=ID02030084,35.67621776,127.4772192,2020-07-09,4750000,전라북도 장수군
방화동자연휴양림,전라북도,국유림,1016000,2000,없음,Y,"숲속의집, 산림욕장, 인공폭포 등",전라북도 장수군 번암면 방화동로 778,전라북도 장수군청,063-350-2475,https://www.foresttrip.go.kr/indvz/main.do?hmpgId=ID02030082,35.59064179,127.5268761,2020-07-09,4750000,전라북도 장수군
강릉임해자연휴양림,강원도,공유림,1160000,105,"비수기 평일(6인실)70000원,(5인실) 65000원,(4인실)50000원+비수기 주말(6인실)120000원,(5인실)110000원,(4인실)90000원+성수기 (6인실)140000원,(5인실)130000원,(4인실)100000원)",Y,"숙박동(하늘동.구름동,바다동,숲속동),숲속의집",강원도 강릉시 강동면 율곡로 1715-85,강릉시청 산림과,033-644-9483,https://www.foresttrip.go.kr/indvz/main.do?hmpgId=ID02030100,37.71856612,128.9985437,2020-07-09,4200000,강원도 강릉시
구름산산림욕장,경기도,국유림,3000000,300,무료,N,"피크닉장, 황토길, 세족장, 야외소공연장, 놀이시설",경기도 광명시 하안동 산141-7,광명시,02-2680-2377,http://www.gm.go.kr/pt/user/bbs/BD_selectBbs.do?q_bbsCode=2298&q_bbscttSn=20190218155830749,37.454013,126.876365,2020-07-15,3900000,경기도 광명시
불정자연휴양림,경상북도,공유림,275,200,"어른:1000, 청소년/군인:800, 어린이:500",Y,"숲속의집, 카라반, 야영장, 물놀이장, 야영데크",경상북도 문경시 불정길 180,문경관광진흥공단,054-553-9443,http://www.mgtpcr.or.kr,36.62196418,128.1358571,2020-08-04,5120000,경상북도 문경시
대야산자연휴양림,경상북도,국유림,820,500,"어른:1000, 청소년:600, 어린이:300",Y,"산림문화휴양관, 연립동, 야영시설",경상북도 문경시 가은읍 용추길 31-35,국립자연휴양림관리소,054-571-7181,http://www.huyang.go.kr/forest/contentWay.action?dprtmId=0245,36.67090364,127.9619774,2020-08-04,5120000,경상북도 문경시
간월산자연휴양림,울산광역시,사유림,597890,200,주중10~20만원+주말15~30만원,Y,"관리실,수영장,연수원",울산광역시 울주군 상북면 작괘로 607-15,천광디엔씨,052-263-6644,http://www.gwhuyang.co.kr/,35.5670959,129.0560416,2020-07-31,3730000,울산광역시 울주군
삼척활기자연휴양림,강원도,사유림,75625,175,"2,000(성인)",Y,"휴양관(송폭헌), 한옥(방우재), 한옥(세우재),숲속의집(구희당),숲속의집(삼락당)",강원 삼척시 미로면 준경길 651-43(지번활기리 403-1),삼척동해태백산림조합,033-574-0032,https://www.foresttrip.go.kr/indvz/main.do?hmpgId=ID02030104,37.3822722,129.0597664,2020-07-29,4240000,강원도 삼척시
독용산성 자연휴양림,경상북도,공유림,1467000,96,입장료 무료,Y,"숲속휴양관, 휴양관, 숲속의집, 관리사무소, 야외화장실 등",경상북도 성주군 금수면 사더래길 144,경상북도 성주군청 산림과,054-930-8401,www.dokyonf.foresttrip.go.kr,35.9063679487,128.1344114728,2020-07-15,5210000,경상북도 성주군
동두천자연휴양림,경기도,공유림,700000,1000,성인2000+청소년구인1500+아동1000,Y,"숲속의집, 야외데크, 잔디광장, 유아숲체험원,",경기도 동두천시 탑동가산로 1,동두천시청 관광휴양과,031-860-3258,blog.naver.com/ddcforest,37.88556165,127.1371472,2020-07-21,3920000,경기도 동두천시
바라산자연휴양림,경기도,공유림,2085484,470,없음,Y,"숲속의집,야영장,치유의숲,체험의숲,산림문화휴양관",경기도 의왕시 바라산로 84,의왕도시공사,031-8086-7482,barasan.foresttrip.go.kr/,37.3731018457,127.0193147337,2020-06-19,4030000,경기도 의왕시
장령산자연휴양림,충청북도,공유림,2000000,2500,없음,Y,"숲속의집,산림문화휴양관,야영장,야외물놀이장 등",충청북도 옥천군 군서면 장령산로 519,충청북도 옥천군청,043-730-3491,https://www.foresttrip.go.kr/indvz/main.do?hmpgId=ID02030036,36.24572109,127.5529332,2020-06-30,4430000,충청북도 옥천군
좌구산자연휴양림,충청북도,공유림,730000,250,없음,Y,"숲속의 집, 황토집, 별무리하우스, 병영하우스, 줄타기, 썰매장, 숲속모험시설, 좌구산 숲 명상의 집, 명상구름다리, 좌구산천문대 등",충청북도 증평군 증평읍 솟점말길 107,증평군 휴양공원사업소,043-835-4551,https://jpjwagu.foresttrip.go.kr,36.7055680385,127.6511206314,2020-07-08,5570000,충청북도 증평군
양촌자연휴양림,충청남도,공유림,405274,121,(일반)1000원+(단체)800원,Y,글램핑장(4동)+숲속의집(10동)+휴양관(7실),충청남도 논산시 양촌면 매죽헌로1723번길 176-23,충청남도 논산시청,041-746-6481,https://www.foresttrip.go.kr/indvz/main.do?hmpgId=ID02030034,36.15726167,127.2464836,2020-04-24,4540000,충청남도 논산시
태학산자연휴양림,충청남도,공유림,1055598,1000,없음,N,"숲속의집,잔디광장,숲속공연장 등",충청남도 천안시 동남구 풍세면 휴양림길 127,충청남도 천안시청,041-529-5108,http://www.cfmc.or.kr/_taehaksan/,36.7273481889,127.0903272826,2020-07-01,4490000,충청남도 천안시
구수곡자연휴양림,경상북도,공유림,2000000,950,무료,Y,"야영장, 물놀이장, 야외무대 및 간이운동장, 회의실, 울진금강송 문화관 등",경상북도 울진군 북면 십이령로 2721,경상북도 울진군청,054-789-5470,http://gusugok.uljin.go.kr,37.062121,129.292929924,2020-07-13,5250000,경상북도 울진군
운문산자연휴양림,경상북도,국유림,170000,1000,1000,Y,"숲속의집, 산림문화휴양관,숲속수련장,야영시설",경상북도 청도군 운문면 운문로 763,국립자연휴양림관리소,054-373-1327,http://www.huyang.go.kr,35.6520473533,129.0252684197,2020-06-30,5190000,경상북도 청도군
강씨봉자연휴양림,경기도,공유림,9800000,102,"일반1000원, 청소년 600원, 어린이 300원",Y,"숲속의집, 산림휴양관 등",경기도 가평군 북면 논남기길 520,경기도산림환경연구소,031-8008-6611,http://farm.gg.go.kr,37.96989212,127.4083282,2020-06-16,6410000,경기도
칼봉산자연휴양림,경기도,공유림,2640000,160,0,Y,"숲속의집, 산림휴양관, 생태숲, 생태체험학습장, 야영장 등",경기도 가평군 가평읍 경반안로 454,가평군 시설관리공단,031-8078-8061,www.kalbong.com,37.83485227,127.4656177,2020-06-16,6410000,경기도
문수산산림욕장,경기도,공유림,700000,,주차료(1000~5000원),N,"숲길,산림욕장",경기도 김포시 월곶면 문수산로 102-38,"김포시 시설관리공단(산림욕장 관리), 김포시 공원녹지과(숲길관리)",031-988-2965,http://www.gp.or.kr/sub03/sub03_01.asp,37.737829,126.5308885,2020-06-16,6410000,경기도
축령산자연휴양림,경기도,공유림,7790000,172,"일반1000원, 청소년 600원, 어린이 300원",Y,"숲속의집, 산림휴양관, 야영장 등",경기도 남양주시 수동면 축령산로 299,경기도산림환경연구소,031-591-0681,http://farm.gg.go.kr,37.75476723,127.3132532,2020-06-16,6410000,경기도
서운산자연휴양림,경기도,공유림,851805,214,N,Y,"숲속의집, 오토캠핑장, 야영장, 카라반",경기도 안성시 금광면 배티로 185-39,경기도 안성시청,031-678-2913,https://www.anseong.go.kr/tourPortal/anseongforest/main.do,36.94238317,127.313722,2020-06-16,6410000,경기도
장흥 자연휴양림,경기도,사유림,499000,300,0,N,"물놀이장, 썰매장",경기도 양주시 장흥면 권율로 594,민간(㈜해성농림),080-233-7766,http://www.fes-artvalley.com/,37.75816692,126.9685293,2020-06-16,6410000,경기도
아세안자연휴양림,경기도,공유림,583880,500,1000,Y,"숲속의집14동, 안내센터, 다목적광장 등",경기도 양주시 백석읍 기산로 472,산림청,031-871-2796,www.huyang.go.kr,37.77382293,126.9421758,2020-06-16,6410000,경기도
용문산자연휴양림,경기도,공유림,870852,300,무료(주차료 없음),Y,"행복마루, 솔마루, 하늘마루, 산림휴양관,숲속의집,생태행복관,야영데크 등",경기도 양평군 양평읍 약수사길 78-14,경기도 양평군청,031-775-4005,www.swijapark.com,37.51604794,127.5194214,2020-06-16,6410000,경기도
설매재자연휴양림,경기도,사유림,349568,288,유료,Y,"숲속의집,산림휴양관,이벤트홀, 데크야영 등",경기도 양평군 옥천면 용천로 510,개인(양현철),031-772-5955,www.snrf.co.kr,37.556802,127.5093559,2020-06-16,6410000,경기도
양평쉬자파크,경기도,공유림,330834,538,유료(주차료 없음),Y,"치유의숲,치유의집,초가원,산림교육센터, 치유센터,공원관리소, 유아숲체험원,까페동 등",경기도 양평군 양평읍 쉬자파크길 193,경기도 양평군청,031-770-1009,http://www.ypforest.com/,37.5112221,127.5331958,2020-06-16,6410000,경기도
고대산자연휴양림,경기도,국유림,31.4,183,5~10만원,Y,숲속의집 산림문화휴양관 숲속수련원 방문자센터 숲속야영장 등,경기도 연천군 신서면 고대산길 84-79,연천군,031-834-2200,https://tour.yeoncheon.go.kr:8443/web/cms/?MENUMST_ID=11219,38.21125391,127.1507058,2020-06-16,6410000,경기도
용인자연휴양림,경기도,공유림,1622705,1800,"개인(성인:2000원, 청소년:1000원, 어린이:600원), 단체(성인:1600원, 청소년:800원, 어린이:400원)",Y,"숲속의집, 숲속체험관, 목조주택, 생태습지, 야영장, 잔디광장, 짚라인, 목재문화체험관 등",경기도 용인시 처인구 모현읍 초부로 220,용인시/용인도시공사위탁운영,031-336-0040,www.yonginforest.net,37.31487489,127.2678463,2020-06-16,6410000,경기도
바라산자연휴양림,경기도,공유림,2085484,470,없음,Y,"숲속의집,야영장,치유의숲,체험의숲,산림문화휴양관",경기도 의왕시 바라산로 84,의왕도시공사,031-8086-7482,http://barasan.foresttrip.go.kr/,37.37310185,127.0193147,2020-06-16,6410000,경기도
천보산자연휴양림,경기도,공유림,1165686,80,"일반:2,000원, 단체:1,400원",Y,"숲속의집, 휴양관, 야영장 등",경기도 포천시 원동교길 309,포천시,031-538-3554,임시휴장중,37.85576406,127.1190897,2020-06-16,6410000,경기도
국망봉자연휴양림,경기도,사유림,2554814,60,"관람객:5,000원, 등산객:2,000원",Y,"통나무 집, 캠핑장 등",경기도 포천시 이동면 늠바위길 207-28,김봉일,031-532-0014,www.kookmang.co.kr,38.02891868,127.3962681,2020-06-16,6410000,경기도
진산자연휴양림,충청남도,사유림,137,350,"3,000원",Y,"숲속의집, 산책로, 캠핑장, 글램핑장, 짚핑",충청남도 금산군 진산면 대둔산로 6,유숭열,041-753-4242,www.ijinsan.co.kr,36.1230324282,127.3441497649,2019-12-03,4550000,충청남도 금산군
국립희리산해송자연휴양림,충청남도,국유림,1430000,500,"개인 어른 1,000원 청소년600원 어린이300원단체 어른 800원 청소년500원 어린이200원",Y,"숲속의집,야영장,숲속수련장",충청남도 서천군 종천면 희리산길 206,국립자연휴양림관리소,041-953-2230,www.huyang.go.kr,36.1120611,126.664181,2019-11-21,4580000,충청남도 서천군
성불산자연휴양림,충청북도,공유림,1380000,188,"주차요금으로 대체, 경형: 1,500원, 중소형: 3,000원, 대형: 5,000원, 숙박시설 사용자 무료",Y,숲속의집산림문화휴양관숲관광메가시티생태체험관한옥체험관생태공원미선향테마파크,충청북도 괴산군 괴산읍 충민로기곡길 78,괴산군시설관리사업소,043-830-2679,www.seongbulsan.kr,36.808961,127.844264,2019-06-21,4460000,충청북도 괴산군
백운산자연휴양림,전라남도,공유림,363000,395,0,Y,숙박동 목재문화체험장 황토길 산책로 야영장 운동장 등,전라남도 광양시 옥룡면 백계로 337,전라남도 광양시,061-797-2655,bwmt.gwangyang.go.kr,35.0516428658,127.5985311138,2020-02-05,4840000,전라남도 광양시
계명산자연휴양림,충청북도,공유림,3630000,149,0,Y,"숲속의집, 단체숙소",충청북도 충주시 충주호수로 1170,충주시시설관리공단,043-840-7930,gmf.cj100.net,36.9793629,127.9938869,2019-11-11,4390000,충청북도 충주시
봉황자연휴양림,충청북도,공유림,1740000,200,0,Y,"숲속의집, 단체숙소",충청북도 충주시 중앙탑면 수룡봉황길540,충주시시설관리공단,043-870-7920,bhf.cj100.net,37.0559589,127.8268489,2019-11-11,4390000,충청북도 충주시
문성자연휴양림,충청북도,공유림,560000,145,0,Y,"숲속의집, 단체숙소",충청북도 충주시 노은면 우성1길 191,충주시시설관리공단,043-870-7910,msf.cj100.net,37.0275419,127.7532092,2019-11-11,4390000,충청북도 충주시
생거진천자연휴양림,충청북도,공유림,520000,159,0,Y,"산림문화휴양관, 숲속의집, 연립동, 야영센터, 관리사무소",충청북도 진천군 백곡면 명암길 435-135,충청북도 진천군청,043-539-3551,https://www.foresttrip.go.kr,36.9239978084,127.3902340250,2020-02-28,6430000,충청북도
좌구산자연휴양림,충청북도,공유림,730000,250,0,Y,"숲속의 집, 황토방, 별무리하우스, 병영하우스, 줄타기, 썰매장, 숲속모험시설, 천문대 등",충청북도 증평군 증평읍 솟점말길 107,충청북도 증평군청,043-835-4552,https://www.foresttrip.go.kr,36.7055680385,127.6511206314,2020-02-28,6430000,충청북도
민주지산자연휴양림,충청북도,공유림,1800000,500,"어른 1,000원, 청소년 500원 , 어린이 300원",Y,"숲속의집, 식당, 황토찜질방, 학습관, 산림문화휴양관, 치유센터, 야영장, 족구장 등",충청북도 영동군 용화면 휴양림길 60,충청북도 영동군청(위탁운영),043-740-3437,https://www.yd21.go.kr,36.0531331787,127.8243883927,2020-02-28,6430000,충청북도
설매재자연휴양림,경기도,사유림,349568,288,유료,Y,"숲속의집,산림휴양관,이벤트홀, 데크야영 등",경기도 양평군 옥천면 용천로 510,개인(양현철),031-772-5955,www.snrf.co.kr,37.556802,127.5093558918,2020-02-26,4170000,경기도 양평군
양평쉬자파크,경기도,공유림,330834,538,유료(주차료 없음),Y,"치유의숲,치유의집,초가원,산림교육센터, 치유센터,공원관리소, 유아숲체험원,까페동 등",경기도 양평군 양평읍 쉬자파크길 193,경기도 양평군청,031-770-1009,http://www.ypforest.com/,37.5112221044,127.5331958430,2020-02-26,4170000,경기도 양평군
용문산자연휴양림,경기도,공유림,870852,300,무료(주차료 없음),Y,"행복마루, 솔마루, 하늘마루, 산림휴양관,숲속의집,생태행복관,야영데크 등",경기도 양평군 양평읍 약수사길 78-14,경기도 양평군청,031-775-4005,www.swijapark.com,37.5160479391,127.5194213919,2020-02-26,4170000,경기도 양평군
백야자연휴양림,충청북도,공유림,750000,250,0,Y,"숙박시설, 캠핑장, 물놀이장, 산책로, 화장실 등",충청북도 음성군 금왕읍 백야로 461-97,충청북도 음성군청,043-878-2556,https://www.foresttrip.go.kr,36.9568395144,127.6096487765,2020-02-28,6430000,충청북도
수레의산자연휴양림,충청북도,공유림,890000,180,0,Y,"숙박시설, 캠핑장, 물놀이장, 산책로, 화장실, 체력단련기구 등",충청북도 음성군 생극면 차생로 310-108,충청북도 음성군청,043-878-2013,https://www.foresttrip.go.kr,37.0388888851,127.6513841916,2020-02-28,6430000,충청북도
성불산자연휴양림,충청북도,공유림,1380000,242,"일반 2,000원, 군인 1,500원, 청소년  1,500원, 어린이  1,000원",Y,숲속의집.산림문화휴양관.숲관광메가시티.생태체험관.한옥체험관.생태공원.미선향테마파크,충청북도 괴산군 괴산읍 충민로기곡길 78,충청북도 괴산군청,043-830-2679,https://www.foresttrip.go.kr,36.8079479859,127.8463000468,2020-02-28,6430000,충청북도
안면도자연휴양림,충청남도,국유림,1350000,6000,일반 1000원+청소년 800원 +군인 800원 + 어린이 400원,Y,"전시관, 수목원, 숲속의집 등",충청남도 태안군 안면읍 안면대로3195-6,충청남도 산림환경연구소 휴양림관리사무소,041-674-5019,www.anmyonhuyang.go.kr,36.4967012690,126.3588290676,2020-02-05,4620000,충청남도 태안군
금산산림문화타운,충청남도,공유림,316,3000,없음,Y,"숲속의집, 생태체험학습장, 야영장, 캠핑장 등",충청남도 금산군 남이면 느티골길 200,충청남도 금산군청,041-753-5706,https://gsforesttown.foresttrip.go.kr,36.0677606386,127.3690933892,2019-12-03,4550000,충청남도 금산군
성주봉자연휴양림,경상북도,공유림,2000000,229,0,Y,숲속의집산림휴양관산림수련관야영장,경상북도 상주시 은척면 성주봉로 3,상주시청,054-541-6512,http://seongjubong.sangju.go.kr,36.5335984395,128.0407595461,2020-07-13,5110000,경상북도 상주시
서대산약용자연휴양림,충청남도,사유림,29,,없음,Y,"산야초체험장, 산약초음식점,숲속의집",충청남도 금산군 추부면 홍골1길 132,김창현,041-753-2222,www.서대산.com,36.2226867079,127.5258197103,2019-12-03,4550000,충청남도 금산군
문성자연휴양림,충청북도,공유림,560000,145,0,Y,"숲속의집, 단체숙소, 휴양관, 유아숲체험원, 목재문화체험장, 짚라인, 오토캠핑장, 산책로 등",충청북도 충주시 노은면 우성1길 191,충청북도 충주시청(위탁운영),043-850-7346,https://www.foresttrip.go.kr,37.0283248590,127.7525206436,2020-02-28,6430000,충청북도
봉황자연휴양림,충청북도,공유림,1740000,200,0,Y,"숲속의집, 단체숙소, 산책로 등",충청북도 충주시 중앙탑면 수룡봉황길540,충청북도 충주시청(위탁운영),043-850-7315,https://www.foresttrip.go.kr,37.0565210170,127.8297472595,2020-02-28,6430000,충청북도
계명산자연휴양림,충청북도,공유림,3630000,149,0,Y,"숲속의집, 단체숙소, 연립동, 치유센터, 산책로 등",충청북도 충주시 충주호수로 1170,충청북도 충주시청(위탁운영),043-850-7313,https://www.foresttrip.go.kr,36.9793166598,127.9950871574,2020-02-28,6430000,충청북도
박달재자연휴양림,충청북도,공유림,1700000,2000,0,Y,"숲속의집, 산책로등",충청북도 제천시 백운면 금봉로223,충청북도 제천시청,043-641-6521,https://www.foresttrip.go.kr,37.1480628341,128.0452934011,2020-02-28,6430000,충청북도
충북알프스자연휴양림,충청북도,공유림,902000,287,0,Y,"숲속의집,세미나실,목공예체험장 등",충청북도 보은군 산외면 속리산로 1880,충청북도 보은군청,043-543-1472,https://www.foresttrip.go.kr,36.5731923060,127.7858735548,2020-02-28,6430000,충청북도
속리산숲체험휴양마을,충청북도,공유림,1100000,350,0,Y,"숲속의집, 방문자종합센터, 수영장, 찜질방, 식당, 산책로 등",충청북도 보은군 속리산면 속리산로 596,충청북도 보은군청,043-540-3220,https://www.foresttrip.go.kr,36.4924544151,127.7924720494,2020-02-28,6430000,충청북도
장령산자연휴양림,충청북도,공유림,1560000,2500,0,Y,"숲속의집,산림문화휴양관,야영장,야외물놀이장 등",충청북도 옥천군 군서면 장령산로 519,충청북도 옥천군청,043-730-3491,https://www.foresttrip.go.kr,36.2457210939,127.5529909066,2020-02-28,6430000,충청북도
한방자연휴양림,경상남도,공유림,939440,124,무료,Y,"숲속의집, 숲속휴양관, 세미나실",경상남도 산청군 금서면 동의보감로555번길 186,경상남도 산청군,055-970-6951,https://www.foresttrip.go.kr/indvz/main.do?hmpgId=ID02030037,35.4340349343,127.8236812568,2020-03-17,5450000,경상남도 산청군
옥화자연휴양림,충청북도,공유림,1364921,485,"어른 1,000원, 청소년 500원 , 어린이 300원, 군인 500원, 지역주민 500원",Y,"숲속의집, 산림휴양관, 캠핑장, 산책로 등",충청북도 청주시 상당구 미원면 운암옥화길140,충청북도 청주시청(위탁운영),043-270-7381,https://www.foresttrip.go.kr,36.5989486708,127.6943725612,2020-02-28,6430000,충청북도
절물자연휴양림,제주특별자치도,국유림,300,,일반1000원+청소년600원+어린이300원,Y,휴양림+숲속의집+숲속수련장+세미나실+등산로,제주특별자치도 제주시 명림로 584,제주시청,064-728-1510,http://jeolmul.jejusi.go.kr/,33.439373,126.628448,2019-06-10,6500000,제주특별자치도
붉은오름자연휴양림,제주특별자치도,공유림,190,1500,일반1000원+청소년군인600원,Y,휴양림+숲속의집+산림문화휴양관+산림욕장+잔디광장+세미나실,제주특별자치도 서귀포시 표선면 남조로1487-73,서귀포시청,064-782-9171,http://healing.seogwipo.go.kr/index.htm,33.401811,126.675383,2019-06-10,6500000,제주특별자치도
서귀포자연휴양림,제주특별자치도,국유림,255,1500,일반1000원+청소년600원+어린이300원,Y,휴양림+숲속의집+산림휴양관+세미나실+야영데크,제주특별자치도 서귀포시 1100로 882(대포동),서귀포시청,064-738-4544,http://healing.seogwipo.go.kr/index.htm,33.311668,126.458761,2019-06-10,6500000,제주특별자치도
교래자연휴양림,제주특별자치도,공유림,230,,어른1000원+청소년군인600원,Y,휴양림+숙박동+야영장+야외공연장+풋살경기장+다목적운동장,제주특별자치도 제주시 조천읍 남조로 2023,제주특별자치도청,064-783-7482,http://www.jeju.go.kr/jejustoneparkforest/index.htm,33.448663,126.658949,2019-06-10,6500000,제주특별자치도
조령산자연휴양림,충청북도,공유림,2720000,238,0,Y,"숲속의집, 복합휴양관, 백두대간 생태교육장, 옛길, 물놀이장, 숲속놀이터, 산책로 등",충청북도 괴산군 연풍면 새재로 1795,충청북도 산림환경연구소,043-833-7994,https://www.foresttrip.go.kr,36.8123400737,128.0462421117,2020-02-28,6430000,충청북도
소백산자연휴양림,충청북도,공유림,1899000,232,"성인 3,000원 군인/청소년 2000원 어린이 1,000원 6세이하 무료",Y,"화전민촌, 정감록 명당체험마을, 숲속의집, 산림문화휴양관, 세미나실, 네트어드벤쳐, 승마장, 전망대, 전시실, 그라운드골프장, 북카페, 산책로",충청북도 단양군 영춘면 하리방터길 180,충청북도 단양군청,043-423-3117,https://www.foresttrip.go.kr,37.0612642366,128.4678946608,2020-02-28,6430000,충청북도
소선암자연휴양림,충청북도,공유림,670000,500,0,Y,"통나무집, 숲속의집, 산림문화휴양관, 산림복합휴양관",충청북도 단양군 단성면 대잠2길15,충청북도 단양군청(위탁운영),043-422-7839,https://www.foresttrip.go.kr,36.9192204110,128.3123141058,2020-02-28,6430000,충청북도
